{
  "apps":[
    {
      "appName":"forcedInduction",
      "placement":{
        "bottom":"320px",
        "height":"150px",
        "right":"20px",
        "width":"150px"
      },
      "settings":{
        "noCockpit":true
      }
    },
    {
      "appName":"keyList",
      "placement":{
        "height":"500px",
        "right":"0px",
        "top":"0px",
        "width":"355px"
      }
    },
    {
      "appName":"simplePowertrainControl",
      "placement":{
        "bottom":"0px",
        "height":"170px",
        "position":"absolute",
        "right":"260px",
        "width":"230px"
      }
    },
    {
      "appName":"damageApp",
      "placement":{
        "bottom":"0px",
        "height":"300px",
        "left":"0px",
        "position":"absolute",
        "right":"",
        "top":"",
        "width":"168.75px"
      }
    },
    {
      "appName":"tacho2",
      "placement":{
        "bottom":"5px",
        "height":"300px",
        "right":"5px",
        "width":"300px"
      },
      "settings":{
        "noCockpit":true
      }
    },
    {
      "appName":"messages",
      "placement":{
        "bottom":"",
        "height":"450px",
        "left":"0px",
        "position":"absolute",
        "right":"",
        "top":"0px",
        "width":"470px"
      }
    },
    {
      "appName":"svc",
      "placement":{
        "bottom":"0px",
        "height":"100%",
        "left":"0px",
        "width":"100%"
      }
    }
  ],
  "title":"StreamersVsChat",
  "type":"svc",
  "version":0.1
}